{
  "marketing_stripe": {
    "text": "Aproveite nossos descontos de até 20%!",
    "link": "",
    "background": "#121212",
    "color": "#050505"
  },
  "contacts_stripe": {
    "pages": [
      {
        "title": "Sobre nós",
        "link": "/pages/sobre-nos"
      }
    ],
    "phone_wpp": true,
    "socials": true
  },
  "categories_list": {
    "featured": [
      "/atena?COLEÇÃO ATENA",
      "/eterna-gratidao?COLECÃO ETERNA GRATIDÃO",
      "/brincos?BRINCOS",
      "/colares?COLARES",
      "/conjuntos?CONJUNTOS",
      "/pulseiras?PULSEIRAS"
    ],
    "random": 0,
    "full_width": true
  },
  "centralized_logo": false,
  "desktop_megamenu": false,
  "search_input": true,
  "alphabetical_order_submenu": false,
  "full_width_submenu": true
}